Document:,10-K,,,,,,,
Table Title:,Executive Officers of the Registrant,,,,,,,
Name,Age,Position,,,,,,
Jeffrey P. Bezos,55,"President, Chief Executive Officer, and Chairman of the Board",,,,,,
Jeffrey M. Blackburn,49,"Senior Vice President, Business Development",,,,,,
Andrew R. Jassy,51,CEO Amazon Web Services,,,,,,
Brian T. Olsavsky,55,Senior Vice President and Chief Financial Officer,,,,,,
Shelley L. Reynolds,54,"Vice President, Worldwide Controller, and Principal Accounting Officer",,,,,,
Jeffrey A. Wilke,52,CEO Worldwide Consumer,,,,,,
David A. Zapolsky,55,"Senior Vice President, General Counsel, and Secretary",,,,,,
,,,,,,,,
,,,,,,,,
Table Title:,Board of Directors,,,,,,,
Name,Age,Position,,,,,,
Jeffrey P. Bezos,55,"President, Chief Executive Officer, and Chairman of the Board",,,,,,
Tom A. Alberg,78,"Managing Director, Madrona Venture Group",,,,,,
Jamie S. Gorelick,68,"Partner, Wilmer Cutler Pickering Hale and Dorr LLP",,,,,,
Daniel P. Huttenlocher,60,"Dean and Vice Provost, Cornell Tech at Cornell University",,,,,,
Judith A. McGrath,66,"Senior Advisor, Astronauts Wanted * No experience necessary",,,,,,
Jonathan J. Rubinstein,62,"Former co-CEO, Bridgewater Associates, LP",,,,,,
Thomas O. Ryder,74,"Retired, Former Chairman, Reader's Digest Association, Inc",,,,,,
Patricia Q. Stonesifer,62,"President and Chief Executive Officer, Martha's Table",,,,,,
Wendell P. Weeks,59,"Chief Executive Officer, Corning Incorporated",,,,,,
,,,,,,,,
,,,,,,,,
Table Title:,Properties,,,,,,,
Description of Use,Leased SquareFootage,Owned Square Footage,Location,,,,,
Office space,"16,642","3,901",North America,,,,,
Office space,"14,738",--,International,,,,,
Physical stores (2),"19,176",724,North America,,,,,
Physical stores (2),173,--,International,,,,,
"Fulfillment, data centers, and other","153,917","4,467",North America,,,,,
"Fulfillment, data centers, and other","72,596","2,085",International,,,,,
Total,"277,242","11,177",,,,,,
,,,,,,,,
,,,,,,,,
Table Title:,Selected Consolidated Financial Data,,,,,,,
Line Item,YE12/31/2014,YE12/31/2015,YE12/31/2016,YE12/31/2017,YE12/31/2018,,,
"(in millions, except per share data)",,,,,,,,
Statements of Operations,,,,,,,,
Net sales,"88,988","107,006","135,987","177,866","232,887",,,
Operating income,178,"2,233","4,186","4,106","12,421",,,
Net income (loss),(241,),596,"2,371","3,033",,,
Basic earnings per share (2),(0.52,),1.28,5.01,6.32,,,
Diluted earnings per share (2),(0.52,),1.25,4.9,6.15,,,
Weighted-average shares used in computation of earnings per share,,,,,,,,
Basic,462,467,474,480,487,,,
Diluted,462,477,484,493,500,,,
Statements of Cash Flows,,,,,,,,
Net cash provided by (used in) operating activities (3),"6,976","11,909","17,203","18,365","30,723",,,
31-Dec,,,,,,,,
2014,2015,2016,2017,2018,,,,
(in millions),,,,,,,,
Balance Sheets,,,,,,,,
Total assets,"53,618","64,747","83,402","131,310","162,648",,,
Total long-term obligations,"14,794","17,477","20,301","45,718","50,708",,,
,,,,,,,,
,,,,,,,,
Table Title:,Liquidity and Capital Resources,,,,,,,
Line Item,YE12/31/2016,YE12/31/2017,YE12/31/2018,,,,,
Cash provided by (used in),,,,,,,,
Operating activities,"17,203","18,365","30,723",,,,,
Investing activities,"(9,516",),"(27,084",,,,,
Financing activities,"(3,716",),"9,928",,,,,
,,,,,,,,
,,,,,,,,
Table Title:,Results of Operations,,,,,,,
Line Item,YE12/31/2016,YE12/31/2017,YE12/31/2018,,,,,
Net Sales,,,,,,,,
North America,"79,785","106,110","141,366",,,,,
International,"43,983","54,297","65,866",,,,,
AWS,"12,219","17,459","25,655",,,,,
Consolidated,"135,987","177,866","232,887",,,,,
Year-over-year Percentage Growth,,,,,,,,
North America,25,33,33,,,,,
International,24,23,21,,,,,
AWS,55,43,47,,,,,
Consolidated,27,31,31,,,,,
"Year-over-year Percentage Growth, excluding the effect of foreign exchange rates",,,,,,,,
North America,25,33,33,,,,,
International,26,23,19,,,,,
AWS,55,43,47,,,,,
Consolidated,28,31,30,,,,,
Net sales mix,,,,,,,,
North America,59,60,61,,,,,
International,32,30,28,,,,,
AWS,9,10,11,,,,,
Consolidated,100,100,100,,,,,
,,,,,,,,
,,,,,,,,
Table Title:,Non-GAAP Financial Measures,,,,,,,
Line Item,YE12/31/2016,YE12/31/2017,YE12/31/2018,,,,,
Net cash provided by (used in) operating activities,"17,203","18,365","30,723",,,,,
"Purchases of property and equipment, net of proceeds from property and equipment incentives","(6,737",),"(10,058",,,,,
Free cash flow,"10,466","8,307","19,400",,,,,
Net cash provided by (used in) investing activities,"(9,516",),"(27,084",,,,,
Net cash provided by (used in) financing activities,"(3,716",),"9,928",,,,,
,,,,,,,,
,,,,,,,,
Table Title:,Interest Rate Risk,,,,,,,
Line Item,2019,2020,2021,2022,2023,Thereafter,Total,"Estimated Fair Value as of December 31, 2018"
Money market funds,"12,515",--,--,--,--,--,"12,515","12,515"
Weighted average interest rate,1.16,--,--,--,--,--,1.16,
Corporate debt securities,"3,220","1,086",560,120,16,--,"5,002","4,990"
Weighted average interest rate,2.96,3.25,3.36,3.86,4.26,--,3.09,
U.S. government and agency securities,"11,071",416,135,91,4,--,"11,717","11,667"
Weighted average interest rate,2.35,2.49,2.68,2.76,3.38,--,2.36,
Asset-backed securities,305,255,162,121,52,--,895,892
Weighted average interest rate,2.96,3.07,3.02,2.99,3.07,--,3.01,
Foreign government and agency securities,761,50,4,--,--,--,815,815
Weighted average interest rate,2.6,2.68,3.32,--,--,--,2.61,
Other fixed income securities,89,67,32,--,--,--,188,188
Weighted average interest rate,3.25,2.89,3.13,--,--,--,3.1,
"27,961","1,874",893,332,72,--,"31,132",,
Cash equivalents and marketable fixed income securities,"31,067",,,,,,,
,,,,,,,,
,,,,,,,,
Table Title:,INDEX TO CONSOLIDATED FINANCIAL STATEMENTS,,,,,,,
Line Item,Page,,,,,,,
"Report of Ernst & Young LLP, Independent Registered Public Accounting Firm",35,,,,,,,
Consolidated Statements of Cash Flows,36,,,,,,,
Consolidated Statements of Operations,37,,,,,,,
Consolidated Statements of Comprehensive Income,38,,,,,,,
Consolidated Balance Sheets,39,,,,,,,
Consolidated Statements of Stockholders' Equity,40,,,,,,,
Notes to Consolidated Financial Statements,41,,,,,,,
,,,,,,,,
,,,,,,,,
Table Title:,(in millions),,,,,,,
Line Item,YE12/31/2016,YE12/31/2017,YE12/31/2018,,,,,
"CASH, CASH EQUIVALENTS, AND RESTRICTED CASH, BEGINNING OF PERIOD","16,175","19,934","21,856",,,,,
OPERATING ACTIVITIES,,,,,,,,
Net income,"2,371","3,033","10,073",,,,,
Adjustments to reconcile net income to net cash from operating activities,,,,,,,,
"Depreciation of property and equipment and other amortization, including capitalized content costs","8,116","11,478","15,341",,,,,
Stock-based compensation,"2,975","4,215","5,418",,,,,
"Other operating expense, net",160,202,274,,,,,
"Other expense (income), net",(20,),(292,,,,,
Deferred income taxes,(246,),(29,,,,,
Changes in operating assets and liabilities,,,,,,,,
Inventories,"(1,426",),"(3,583",,,,,
"Accounts receivable, net and other","(3,436",),"(4,780",,,,,
Accounts payable,"5,030","7,100","3,263",,,,,
Accrued expenses and other,"1,724",283,472,,,,,
Unearned revenue,"1,955",738,"1,151",,,,,
Net cash provided by (used in) operating activities,"17,203","18,365","30,723",,,,,
INVESTING ACTIVITIES,,,,,,,,
Purchases of property and equipment,"(7,804",),"(11,955",,,,,
Proceeds from property and equipment incentives,"1,067","1,897","2,104",,,,,
"Acquisitions, net of cash acquired, and other",(116,),"(13,972",,,,,
Sales and maturities of marketable securities,"4,577","9,677","8,240",,,,,
Purchases of marketable securities,"(7,240",),"(12,731",,,,,
Net cash provided by (used in) investing activities,"(9,516",),"(27,084",,,,,
FINANCING ACTIVITIES,,,,,,,,
Proceeds from long-term debt and other,618,"16,228",768,,,,,
Repayments of long-term debt and other,(327,),"(1,301",,,,,
Principal repayments of capital lease obligations,"(3,860",),"(4,799",,,,,
Principal repayments of finance lease obligations,(147,),(200,,,,,
Net cash provided by (used in) financing activities,"(3,716",),"9,928",,,,,
"Foreign currency effect on cash, cash equivalents, and restricted cash",(212,),713,,,,,
"Net increase (decrease) in cash, cash equivalents, and restricted cash","3,759","1,922","10,317",,,,,
"CASH, CASH EQUIVALENTS, AND RESTRICTED CASH, END OF PERIOD","19,934","21,856","32,173",,,,,
SUPPLEMENTAL CASH FLOW INFORMATION,,,,,,,,
Cash paid for interest on long-term debt,290,328,854,,,,,
Cash paid for interest on capital and finance lease obligations,206,319,575,,,,,
"Cash paid for income taxes, net of refunds",412,957,"1,184",,,,,
Property and equipment acquired under capital leases,"5,704","9,637","10,615",,,,,
Property and equipment acquired under build-to-suit leases,"1,209","3,541","3,641",,,,,
,,,,,,,,
,,,,,,,,
Table Title:,CONSOLIDATED STATEMENTS OF OPERATIONS,,,,,,,
Line Item,YE12/31/2016,YE12/31/2017,YE12/31/2018,,,,,
Net product sales,"94,665","118,573","141,915",,,,,
Net service sales,"41,322","59,293","90,972",,,,,
Total net sales,"135,987","177,866","232,887",,,,,
Operating expenses,,,,,,,,
Cost of sales,"88,265","111,934","139,156",,,,,
Fulfillment,"17,619","25,249","34,027",,,,,
Marketing,"7,233","10,069","13,814",,,,,
Technology and content,"16,085","22,620","28,837",,,,,
General and administrative,"2,432","3,674","4,336",,,,,
"Other operating expense, net",167,214,296,,,,,
Total operating expenses,"131,801","173,760","220,466",,,,,
Operating income,"4,186","4,106","12,421",,,,,
Interest income,100,202,440,,,,,
Interest expense,(484,),(848,,,,,
"Other income (expense), net",90,346,(183,,,,,
Total non-operating income (expense),(294,),(300,,,,,
Income before income taxes,"3,892","3,806","11,261",,,,,
Provision for income taxes,"(1,425",),(769,,,,,
"Equity-method investment activity, net of tax",(96,),(4,,,,,
Net income,"2,371","3,033","10,073",,,,,
Basic earnings per share,5.01,6.32,20.68,,,,,
Diluted earnings per share,4.9,6.15,20.14,,,,,
Weighted-average shares used in computation of earnings per share,,,,,,,,
Basic,474,480,487,,,,,
Diluted,484,493,500,,,,,
,,,,,,,,
,,,,,,,,
Table Title:,CONSOLIDATED STATEMENTS OF COMPREHENSIVE INCOME,,,,,,,
Line Item,YE12/31/2016,YE12/31/2017,YE12/31/2018,,,,,
Net income,"2,371","3,033","10,073",,,,,
Other comprehensive income (loss),,,,,,,,
"Foreign currency translation adjustments, net of tax of $(49), $5, and $6",(279,),533,,,,,
Net change in unrealized gains (losses) on available-for-sale debt securities,,,,,,,,
"Unrealized gains (losses), net of tax of $(12), $5, and $0",9,(39,),,,,,
"Reclassification adjustment for losses (gains) included in ""Other income (expense), net,"" net of tax of $0, $0, and $0",8,7,8,,,,,
Net unrealized gains (losses) on available-for-sale debt securities,17,(32,),,,,,
Total other comprehensive income (loss),(262,),501,,,,,
Comprehensive income,"2,109","3,534","9,526",,,,,
,,,,,,,,
,,,,,,,,
Table Title:,CONSOLIDATED BALANCE SHEETS,,,,,,,
Line Item,31-Dec,,,,,,,
2017,2018,,,,,,,
ASSETS,,,,,,,,
Current assets,,,,,,,,
Cash and cash equivalents,"20,522",,,,,,,
Marketable securities,"10,464",,,,,,,
Inventories,"16,047",,,,,,,
"Accounts receivable, net and other","13,164",,,,,,,
Total current assets,"60,197",,,,,,,
"Property and equipment, net","48,866",,,,,,,
Goodwill,"13,350",,,,,,,
Other assets,"8,897",,,,,,,
Total assets,"131,310",,,,,,,
LIABILITIES AND STOCKHOLDERS' EQUITY,,,,,,,,
Current liabilities,,,,,,,,
Accounts payable,"34,616",,,,,,,
Accrued expenses and other,"18,170",,,,,,,
Unearned revenue,"5,097",,,,,,,
Total current liabilities,"57,883",,,,,,,
Long-term debt,"24,743",,,,,,,
Other long-term liabilities,"20,975",,,,,,,
Commitments and contingencies (Note 7),,,,,,,,
Stockholders' equity,,,,,,,,
"Preferred stock, $0.01 par value",,,,,,,,
Authorized shares -- 500,,,,,,,,
Issued and outstanding shares -- none,--,,,,,,,
"Common stock, $0.01 par value",,,,,,,,
"Authorized shares -- 5,000",,,,,,,,
Issued shares -- 507 and 514,,,,,,,,
Outstanding shares -- 484 and 491,5,,,,,,,
"Treasury stock, at cost","(1,837",,,,,,,
Additional paid-in capital,"21,389",,,,,,,
Accumulated other comprehensive loss,(484,,,,,,,
Retained earnings,"8,636",,,,,,,
Total stockholders' equity,"27,709",,,,,,,
Total liabilities and stockholders' equity,"131,310",,,,,,,
,,,,,,,,
,,,,,,,,
Table Title:,(in millions)_2,,,,,,,
Line Item,Common Stock,,,,,,,
Shares,Amount,,,,,,,
"Balance as of January 1, 2016",471,,,,,,,
Net income,--,,,,,,,
Other comprehensive income (loss),--,,,,,,,
Exercise of common stock options,6,,,,,,,
Excess tax benefits from stock-based compensation,--,,,,,,,
Stock-based compensation and issuance of employee benefit plan stock,--,,,,,,,
"Balance as of December 31, 2016",477,,,,,,,
Cumulative effect of a change in accounting principle related to stock-based compensation,--,,,,,,,
Net income,--,,,,,,,
Other comprehensive income (loss),--,,,,,,,
Exercise of common stock options,7,,,,,,,
Stock-based compensation and issuance of employee benefit plan stock,--,,,,,,,
"Balance as of December 31, 2017",484,,,,,,,
"Cumulative effect of changes in accounting principles related to revenue recognition, income taxes, and financial instruments",--,,,,,,,
Net income,--,,,,,,,
Other comprehensive income (loss),--,,,,,,,
Exercise of common stock options,7,,,,,,,
Stock-based compensation and issuance of employee benefit plan stock,--,,,,,,,
"Balance as of December 31, 2018",491,,,,,,,
,,,,,,,,
,,,,,,,,
Table Title:,Earnings per Share,,,,,,,
Line Item,YE12/31/2016,YE12/31/2017,YE12/31/2018,,,,,
Shares used in computation of basic earnings per share,474,480,487,,,,,
Total dilutive effect of outstanding stock awards,10,13,13,,,,,
Shares used in computation of diluted earnings per share,484,493,500,,,,,
,,,,,,,,
,,,,,,,,
Table Title:,"Note 2 -- CASH, CASH EQUIVALENTS, RESTRICTED CASH, AND MARKETABLE SECURITIES",,,,,,,
Line Item,31-Dec-17,,,,,,,
Cost orAmortizedCost,GrossUnrealizedGains,,,,,,,
Cash,"9,982",,,,,,,
Level 1 securities,,,,,,,,
Money market funds,"11,343",,,,,,,
Equity securities,23,,,,,,,
Level 2 securities,,,,,,,,
Foreign government and agency securities,620,,,,,,,
U.S. government and agency securities,"4,841",,,,,,,
Corporate debt securities,"4,265",,,,,,,
Asset-backed securities,910,,,,,,,
Other fixed income securities,340,,,,,,,
"32,324",32,,,,,,,
"Less: Restricted cash, cash equivalents, and marketable securities (1)","(1,335",,,,,,,
"Total cash, cash equivalents, and marketable securities","30,986",,,,,,,
,,,,,,,,
,,,,,,,,
Table Title:,Note 3 -- PROPERTY AND EQUIPMENT,,,,,,,
Line Item,31-Dec,,,,,,,
2017,2018,,,,,,,
Gross property and equipment (1),,,,,,,,
Land and buildings,"23,896",,,,,,,
Equipment,"42,244",,,,,,,
Other assets,"2,438",,,,,,,
Construction in progress,"4,078",,,,,,,
Gross property and equipment,"72,656",,,,,,,
Total accumulated depreciation and amortization (1),"23,790",,,,,,,
"Total property and equipment, net","48,866",,,,,,,
,,,,,,,,
,,,,,,,,
Table Title:,Purchase Price Allocation,,,,,,,
Line Item,31-Dec,,,,,,,
2016,2017,,,,,,,
Purchase Price,,,,,,,,
"Cash paid, net of cash acquired",81,,,,,,,
Indemnification holdback,22,,,,,,,
103,"13,963",,,,,,,
Allocation,,,,,,,,
Goodwill,60,,,,,,,
Intangible assets (1),,,,,,,,
Marketing-related,2,,,,,,,
Contract-based,1,,,,,,,
Technology-based,53,,,,,,,
Customer-related,1,,,,,,,
57,"2,647",,,,,,,
Property and equipment,3,,,,,,,
Deferred tax assets,17,,,,,,,
Other assets acquired,10,,,,,,,
Long-term debt,(5,,,,,,,
Deferred tax liabilities,(18,,,,,,,
Other liabilities assumed,(21,,,,,,,
103,"13,963",,,,,,,
,,,,,,,,
,,,,,,,,
Table Title:,Goodwill,,,,,,,
Line Item,NorthAmerica,International,AWS,Consolidated,,,,
"Goodwill - January 1, 2017","2,044",694,"1,046","3,784",,,,
New acquisitions (1),"9,115",368,18,"9,501",,,,
Other adjustments (2),6,46,13,65,,,,
"Goodwill - December 31, 2017","11,165","1,108","1,077","13,350",,,,
New acquisitions (1),"1,031",177,20,"1,228",,,,
Other adjustments (2),(5,),(15,),,,,
"Goodwill - December 31, 2018","12,191","1,270","1,087","14,548",,,,
,,,,,,,,
,,,,,,,,
Table Title:,Intangible Assets,,,,,,,
Line Item,31-Dec,,,,,,,
2017,2018,,,,,,,
"AcquiredIntangibles,Gross (1)",AccumulatedAmortization (1),,,,,,,
Marketing-related,"2,486",,,,,,,
Contract-based,"1,013",,,,,,,
Technology- and content-based,640,,,,,,,
Customer-related,283,,,,,,,
Acquired intangibles (2),"4,422",,,,,,,
,,,,,,,,
,,,,,,,,
Table Title:,Note 5 -- DEBT,,,,,,,
Line Item,31-Dec,,,,,,,
2017,2018,,,,,,,
"2.600% Notes due on December 5, 2019 (2)","1,000",,,,,,,
"1.900% Notes due on August 21, 2020 (3)","1,000",,,,,,,
"3.300% Notes due on December 5, 2021 (2)","1,000",,,,,,,
"2.500% Notes due on November 29, 2022 (1)","1,250",,,,,,,
"2.400% Notes due on February 22, 2023 (3)","1,000",,,,,,,
"2.800% Notes due on August 22, 2024 (3)","2,000",,,,,,,
"3.800% Notes due on December 5, 2024 (2)","1,250",,,,,,,
"5.200% Notes due on December 3, 2025 (4)","1,000",,,,,,,
"3.150% Notes due on August 22, 2027 (3)","3,500",,,,,,,
"4.800% Notes due on December 5, 2034 (2)","1,250",,,,,,,
"3.875% Notes due on August 22, 2037 (3)","2,750",,,,,,,
"4.950% Notes due on December 5, 2044 (2)","1,500",,,,,,,
"4.050% Notes due on August 22, 2047 (3)","3,500",,,,,,,
"4.250% Notes due on August 22, 2057 (3)","2,250",,,,,,,
Credit Facility,592,,,,,,,
Other long-term debt,100,,,,,,,
Total debt,"24,942",,,,,,,
Less current portion of long-term debt,(100,,,,,,,
Face value of long-term debt,"24,842",,,,,,,
,,,,,,,,
,,,,,,,,
Table Title:,Note 6 -- OTHER LONG-TERM LIABILITIES,,,,,,,
Line Item,31-Dec,,,,,,,
2017,2018,,,,,,,
Long-term capital lease obligations,"8,438",,,,,,,
Long-term finance lease obligations,"4,745",,,,,,,
Construction liabilities,"1,350",,,,,,,
Tax contingencies,"1,004",,,,,,,
Long-term deferred tax liabilities,990,,,,,,,
Other,"4,448",,,,,,,
Total other long-term liabilities,"20,975",,,,,,,
,,,,,,,,
,,,,,,,,
Table Title:,Capital and Finance Leases,,,,,,,
Line Item,31-Dec-18,,,,,,,
Gross capital lease obligations,"17,952",,,,,,,
Less imputed interest,(582,,,,,,,
Present value of net minimum lease payments,"17,370",,,,,,,
Less current portion of capital lease obligations,"(7,720",,,,,,,
Total long-term capital lease obligations,"9,650",,,,,,,
,,,,,,,,
,,,,,,,,
Table Title:,Commitments,,,,,,,
Line Item,YE12/31/2019,YE12/31/2020,YE12/31/2021,YE12/31/2022,YE12/31/2023,Thereafter,Total,
Debt principal and interest,"2,277","2,161","1,861","2,078","1,781","30,013","40,171",
"Capital lease obligations, including interest (1)","7,807","5,742","2,725",704,473,501,"17,952",
"Finance lease obligations, including interest (2)",628,640,652,664,675,"5,117","8,376",
Operating leases,"3,127","3,070","2,775","2,473","2,195","13,026","26,666",
Unconditional purchase obligations (3),"3,523","4,103","3,291","3,098","2,974","5,204","22,193",
Other commitments (4) (5),"2,618","1,455","1,056",843,808,"8,875","15,655",
Total commitments,"19,980","17,171","12,360","9,860","8,906","62,736","131,013",
,,,,,,,,
,,,,,,,,
Table Title:,Stock Award Activity,,,,,,,
Line Item,YE12/31/2016,YE12/31/2017,YE12/31/2018,,,,,
Cost of sales,16,47,73,,,,,
Fulfillment,657,911,"1,121",,,,,
Marketing,323,511,769,,,,,
Technology and content,"1,664","2,305","2,888",,,,,
General and administrative,315,441,567,,,,,
Total stock-based compensation expense (1),"2,975","4,215","5,418",,,,,
,,,,,,,,
,,,,,,,,
Table Title:,Note 9 -- INCOME TAXES,,,,,,,
Line Item,YE12/31/2016,YE12/31/2017,YE12/31/2018,,,,,
Current taxes,,,,,,,,
U.S. Federal,"1,136",(137,),,,,,
U.S. State,208,211,322,,,,,
International,327,724,563,,,,,
Current taxes,"1,671",798,756,,,,,
Deferred taxes,,,,,,,,
U.S. Federal,116,(202,),,,,,
U.S. State,(31,),(26,,,,,
International,(331,),199,,,,,
Deferred taxes,(246,),(29,,,,,
"Provision for income taxes, net","1,425",769,"1,197",,,,,
,,,,,,,,
,,,,,,,,
Table Title:,Note 11 -- QUARTERLY RESULTS (UNAUDITED),,,,,,,
Line Item,FirstQuarter,SecondQuarter,ThirdQuarter,FourthQuarter,,,,
Net sales,"35,714","37,955","43,744","60,453",,,,
Operating income,"1,005",628,347,"2,127",,,,
Income before income taxes,953,666,316,"1,872",,,,
Provision for income taxes,(229,),(467,),,,,
Net income,724,197,256,"1,856",,,,
Basic earnings per share,1.52,0.41,0.53,3.85,,,,
Diluted earnings per share,1.48,0.4,0.52,3.75,,,,
Shares used in computation of earnings per share,,,,,,,,
Basic,477,479,481,483,,,,
Diluted,490,492,494,496,,,,
,,,,,,,,
,,,,,,,,
Table Title:,"Exhibits, Financial Statement Schedules",,,,,,,
Exhibit Number,Description,,,,,,,
3.1,"Restated Certificate of Incorporation of the Company (incorporated by reference to Exhibit 3.1 to the Company's Quarterly Report on Form 10-Q for the Quarter ended March 31, 2000)",,,,,,,
3.2,"Amended and Restated Bylaws of the Company (incorporated by reference to the Company's Current Report on Form 8-K, filed February 25, 2016)",,,,,,,
4.1,"Indenture, dated as of November 29, 2012, between Amazon.com, Inc. and Wells Fargo Bank, National Association, as trustee, and Form of 0.650% Note due 2015, Form of 1.200% Note due 2017, and Form of 2.500% Note due 2022 (incorporated by reference to the Company's Current Report on Form 8-K, filed November 29, 2012)",,,,,,,
4.2,"Officers' Certificate of Amazon.com, Inc., dated as of December 5, 2014, containing Form of 2.600% Note due 2019, Form of 3.300% Note due 2021, Form of 3.800% Note due 2024, Form of 4.800% Note due 2034, and Form of 4.950% Note due 2044 (incorporated by reference to the Company's Current Report on Form 8-K, filed December 5, 2014)",,,,,,,
4.3,"Officers' Certificate of Amazon.com, Inc., dated as of August 22, 2017, containing Form of 1.900% Note due 2020, Form of 2.400% Note due 2023, Form of 2.800% Note due 2024, Form of 3.150% Note due 2027, Form of 3.875% Note due 2037, Form of 4.050% Note due 2047, and Form of 4.250% Note due 2057 (incorporated by reference to the Company's Current Report on Form 8-K, filed August 22, 2017)",,,,,,,
4.4,"Registration Rights Agreement, dated as of August 22, 2017, among Amazon.com, Inc. and the representatives of the initial purchasers of Amazon.com, Inc.'s 1.900% Notes due 2020, 2.400% Notes due 2023, 2.800% Notes due 2024, 3.150% Notes due 2027, 3.875% Notes due 2037, 4.050% Notes due 2047, and 4.250% Notes due 2057 (incorporated by reference to the Company's Current Report on Form 8-K, filed August 22, 2017)",,,,,,,
4.5,"Officers' Certificate of Amazon.com, Inc., dated as of December 20, 2017, containing Form of 5.200% Note due 2025 (incorporated by reference to the Company's Current Report on Form 8-K, filed December 20, 2017)",,,,,,,
10.1,"1997 Stock Incentive Plan (amended and restated) (incorporated by reference to the Company's Quarterly Report on Form 10-Q for the Quarter ended March 31, 2013)",,,,,,,
10.2,"1999 Nonofficer Employee Stock Option Plan (amended and restated) (incorporated by reference to the Company's Quarterly Report on Form 10-Q for the Quarter ended March 31, 2013)",,,,,,,
,,,,,,,,
,,,,,,,,
Table Title:,SIGNATURES,,,,,,,
Line Item,Jeffrey P. Bezos,,,,,,,
"President, Chief Executive Officer,and Chairman of the Board",,,,,,,,
,,,,,,,,
,,,,,,,,
Table Title:,and Chairman of the Board,,,,,,,
Signature,Title,,,,,,,
s/ Jeffrey P. Bezos,,,,,,,,
Jeffrey P. Bezos,"Chairman of the Board, President, and Chief Executive Officer (Principal Executive Officer)",,,,,,,
s/ Brian T. Olsavsky,,,,,,,,
Brian T. Olsavsky,Senior Vice President and Chief Financial Officer (Principal Financial Officer),,,,,,,
s/ Shelley L. Reynolds,,,,,,,,
Shelley L. Reynolds,"Vice President, Worldwide Controller (Principal Accounting Officer)",,,,,,,
s/ Tom A. Alberg,,,,,,,,
Tom A. Alberg,Director,,,,,,,
s/ Jamie S. Gorelick,,,,,,,,
Jamie S. Gorelick,Director,,,,,,,
s/ Daniel P. Huttenlocher,,,,,,,,
Daniel P. Huttenlocher,Director,,,,,,,
s/ Judith A. McGrath,,,,,,,,
Judith A. McGrath,Director,,,,,,,
s/ Jonathan J. Rubinstein,,,,,,,,
Jonathan J. Rubinstein,Director,,,,,,,
s/ Thomas O. Ryder,,,,,,,,
Thomas O. Ryder,Director,,,,,,,
s/ Patricia Q. Stonesifer,,,,,,,,
Patricia Q. Stonesifer,Director,,,,,,,
s/ Wendell P. Weeks,,,,,,,,
Wendell P. Weeks,Director,,,,,,,
,,,,,,,,
,,,,,,,,
Document:,EXHIBIT 10.7,,,,,,,
Document:,EXHIBIT 21.1,,,,,,,
Table Title:,LIST OF SIGNIFICANT SUBSIDIARIES,,,,,,,
Legal Name,Jurisdiction,Percent Owned,,,,,,
Amazon Services LLC,Nevada,100,,,,,,
Amazon Digital Services LLC,Delaware,100,,,,,,
"Amazon.com Services, Inc",Delaware,100,,,,,,
"Amazon.com Int'l Sales, Inc",Delaware,100,,,,,,
"Amazon Technologies, Inc",Nevada,100,,,,,,
,,,,,,,,
,,,,,,,,
Document:,EXHIBIT 23.1,,,,,,,
Document:,EXHIBIT 31.1,,,,,,,
Table Title:,CERTIFICATIONS,,,,,,,
Line Item,Jeffrey P. Bezos,,,,,,,
Chairman and Chief Executive Officer,,,,,,,,
(Principal Executive Officer),,,,,,,,
,,,,,,,,
,,,,,,,,
Document:,EXHIBIT 31.2,,,,,,,
Table Title:,CERTIFICATIONS,,,,,,,
Line Item,Brian T. Olsavsky,,,,,,,
Senior Vice President andChief Financial Officer,,,,,,,,
(Principal Financial Officer),,,,,,,,
,,,,,,,,
,,,,,,,,
Document:,EXHIBIT 32.1,,,,,,,
Table Title:,Certification Pursuant to 18 U.S.C. Section 1350,,,,,,,
Line Item,Jeffrey P. Bezos,,,,,,,
Chairman and Chief Executive Officer,,,,,,,,
(Principal Executive Officer),,,,,,,,
,,,,,,,,
,,,,,,,,
Document:,EXHIBIT 32.2,,,,,,,
Table Title:,Certification Pursuant to 18 U.S.C. Section 1350,,,,,,,
Line Item,Brian T. Olsavsky,,,,,,,
Senior Vice President andChief Financial Officer,,,,,,,,
(Principal Financial Officer),,,,,,,,
